stroke_number,interval,async_ms,spm,speed_m_s,v_rel,empirical_speed_loss_pct,theory_k048_pct,theory_k093_pct
26,11. 2026-02-14 07:40,48.7,30.5,2.27,0.9900311526479754,-0.9968847352024635,-0.7419519790335263,-1.4496839506483155
27,11. 2026-02-14 07:40,61.9,29.7,2.11,0.9202492211838008,-7.975077881619919,-0.9183201109601142,-1.7942858352512085
28,11. 2026-02-14 07:40,132.6,31.1,2.29,0.9987538940809972,-0.12461059190027601,-2.0599226365888157,-4.024838359121125
29,11. 2026-02-14 07:40,59.0,31.0,2.12,0.9246105919003118,-7.538940809968819,-0.9136097011831013,-1.7850822673011537
30,11. 2026-02-14 07:40,33.5,30.4,2.79,1.2168224299065424,21.682242990654245,-0.5087042753881195,-0.9939462990811894
31,11. 2026-02-14 07:40,108.8,29.6,2.23,0.9725856697819316,-2.7414330218068383,-1.6086723731362242,-3.1431502133395406
32,11. 2026-02-14 07:40,135.8,31.5,2.24,0.9769470404984428,-2.305295950155717,-2.136767752187508,-4.174984371150436
47,11. 2026-02-14 07:40,237.2,24.4,2.48,0.7951741753165589,-20.482582468344113,-2.8910227421232424,-5.648706909138076
48,11. 2026-02-14 07:40,147.2,24.6,2.7,0.8657138199010924,-13.428618009890759,-1.8087973543729647,-3.5341700928209714
49,11. 2026-02-14 07:40,256.4,25.1,3.0,0.961904244334547,-3.809575566545298,-3.21468733587863,-6.281108169892838
50,11. 2026-02-14 07:40,106.2,24.0,2.68,0.8593011249388621,-14.069887506113787,-1.2731593255196767,-2.487598514432576
51,11. 2026-02-14 07:40,190.5,25.3,2.88,0.9234280745611652,-7.657192543883484,-2.4074789482269736,-4.703921131546205
52,11. 2026-02-14 07:40,149.3,25.3,2.86,0.9170153795989348,-8.298462040106525,-1.8868063358020326,-3.686590157164559
53,11. 2026-02-14 07:40,123.7,25.1,2.85,0.9138090321178196,-8.61909678821804,-1.5509236483938635,-3.0303162270504838
54,11. 2026-02-14 07:40,87.1,24.5,3.18,1.01961849899462,1.9618498994619982,-1.0659362612573422,-2.082709843798413
55,11. 2026-02-14 07:40,75.3,25.1,2.79,0.8945709472311287,-10.542905276887126,-0.9440949937272264,-1.8446468221253145
56,11. 2026-02-14 07:40,112.1,26.3,3.0,0.961904244334547,-3.809575566545298,-1.4726798957457927,-2.87743744829157
57,11. 2026-02-14 07:40,306.4,23.8,2.94,0.942666159447856,-5.733384055214397,-3.6426103314005207,-7.117217670577118
58,11. 2026-02-14 07:40,230.8,23.3,2.93,0.939459811966741,-6.0540188033259,-2.6862023365064482,-5.248512741350125
59,11. 2026-02-14 07:40,41.5,26.2,2.93,0.939459811966741,-6.0540188033259,-0.5431207370674609,-1.0611918803917688
60,11. 2026-02-14 07:40,103.0,24.2,2.99,0.958697896853432,-4.130210314656802,-1.245086681885729,-2.4327479822169797
61,11. 2026-02-14 07:40,117.5,24.5,3.2,1.0260311939568505,2.6031193956850496,-1.437973716391937,-2.8096257938727156
62,11. 2026-02-14 07:40,156.4,24.9,2.9,0.9298407695233954,-7.015923047660455,-1.9452843498629975,-3.8008490861054796
63,11. 2026-02-14 07:40,107.9,25.3,2.84,0.9106026846367044,-8.939731536329564,-1.363606186423572,-2.664320682907273
64,11. 2026-02-14 07:40,60.7,23.8,2.97,0.9522852018912016,-4.771479810879842,-0.7216267856266699,-1.409970994138483
65,11. 2026-02-14 07:40,150.4,25.3,3.0,0.961904244334547,-3.809575566545298,-1.9007077890463877,-3.713751906480574
66,11. 2026-02-14 07:40,95.4,24.6,3.18,1.01961849899462,1.9618498994619982,-1.172277633200957,-2.290487954178809
67,11. 2026-02-14 07:40,74.2,24.5,3.11,0.9971740666268136,-0.28259333731863734,-0.9080651043087806,-1.7742487991945148
68,11. 2026-02-14 07:40,58.8,25.1,3.2,1.0260311939568505,2.6031193956850496,-0.7372215887272366,-1.4404413431735525
69,11. 2026-02-14 07:40,62.3,24.9,2.72,0.8721265148633227,-12.787348513667729,-0.7748798912817438,-1.5140210873681033
70,11. 2026-02-14 07:40,89.5,24.5,2.95,0.9458725069289712,-5.412749307102882,-1.095307639294284,-2.1400979451200683
71,11. 2026-02-14 07:40,67.1,23.1,2.99,0.958697896853432,-4.130210314656802,-0.7742505046095236,-1.512791342339782
72,11. 2026-02-14 07:40,168.2,23.6,2.63,0.8432693875332862,-15.673061246671383,-1.9828277643741634,-3.874204353032957
73,11. 2026-02-14 07:40,119.6,23.8,2.95,0.9458725069289712,-5.412749307102882,-1.4218544243978535,-2.778130657314045
74,11. 2026-02-14 07:40,125.2,24.4,3.02,0.9683169392967772,-3.16830607032228,-1.5259529819301434,-2.981526581045899
75,11. 2026-02-14 07:40,103.4,23.9,3.2,1.0260311939568505,2.6031193956850496,-1.2344270695165396,-2.4119203957849367
76,11. 2026-02-14 07:40,52.8,24.0,3.22,1.0324438889190806,3.2443888919080566,-0.6329831674900087,-1.2367721427687384
77,11. 2026-02-14 07:40,107.0,24.7,2.96,0.9490788544100864,-5.092114558991357,-1.3201635206434217,-2.579438996309579
78,11. 2026-02-14 07:40,69.2,23.2,3.2,1.0260311939568505,2.6031193956850496,-0.8019385230548922,-1.566890363704737
79,11. 2026-02-14 07:40,51.8,24.0,3.14,1.0067931090701592,0.6793109070159176,-0.6209948499239102,-1.213348427943573
80,11. 2026-02-14 07:40,98.0,24.2,3.06,0.981142329221238,-1.8857670778761992,-1.1846455808233152,-2.3146534199734377
81,11. 2026-02-14 07:40,117.2,24.5,3.36,1.0773327536546926,7.733275365469261,-1.4343022941373194,-2.8024522812075086
82,11. 2026-02-14 07:40,96.3,24.2,2.95,0.9458725069289712,-5.412749307102882,-1.1640956064620942,-2.2745012688106327
83,11. 2026-02-14 07:40,76.2,24.4,3.23,1.0356502364001956,3.56502364001956,-0.9287349618456623,-1.814635187505571
84,11. 2026-02-14 07:40,75.8,24.3,3.41,1.0933644910602685,9.336449106026844,-0.9200734024041562,-1.7977115535443893
85,11. 2026-02-14 07:40,108.7,25.7,3.48,1.1158089234280746,11.58089234280746,-1.3954351695615639,-2.726510645768087
86,11. 2026-02-14 07:40,67.2,25.2,3.26,1.0452692788435411,4.526927884354115,-0.8458956874639209,-1.6527773180636776
87,11. 2026-02-14 07:40,78.9,24.7,3.15,1.0099994565512744,0.9999456551274433,-0.9734663717641682,-1.9020349234469702
88,11. 2026-02-14 07:40,94.6,26.3,3.36,1.0773327536546926,7.733275365469261,-1.242778930754255,-2.4282389171131356
89,11. 2026-02-14 07:40,78.8,24.2,3.35,1.0741264061735776,7.4126406173577575,-0.9525517527436451,-1.8611703009582332
90,11. 2026-02-14 07:40,153.0,25.5,3.49,1.1190152709091898,11.901527090918984,-1.948850874338912,-3.807817641265966
91,11. 2026-02-14 07:40,33.7,25.2,3.52,1.1286343133525352,12.863431335253516,-0.4242066170764007,-0.828848149088481
92,11. 2026-02-14 07:40,85.5,25.5,3.5,1.1222216183903049,12.222161839030488,-1.0890637238952745,-2.1278980936486285
93,11. 2026-02-14 07:40,111.4,26.3,3.34,1.0709200586924623,7.092005869246232,-1.4634838571461313,-2.859469507044433
94,11. 2026-02-14 07:40,84.3,24.7,3.36,1.0773327536546926,7.733275365469261,-1.0400914466377613,-2.0322122185878273
95,11. 2026-02-14 07:40,124.4,26.6,3.08,0.9875550241834684,-1.244497581653159,-1.6529092649551282,-3.229583721044402
96,11. 2026-02-14 07:40,44.4,23.8,3.28,1.0516819738057714,5.168197380577144,-0.5278456224353235,-1.031346163752037
97,11. 2026-02-14 07:40,160.8,25.0,3.09,0.9907613716645834,-0.9238628335416554,-2.008043192321524,-3.9234722332152216
98,11. 2026-02-14 07:40,105.4,25.0,3.2,1.0260311939568505,2.6031193956850496,-1.3162173661112477,-2.5717286901796292
99,11. 2026-02-14 07:40,126.6,25.8,3.29,1.0548883212868867,5.48883212868867,-1.631550079158196,-3.187850469130899
100,11. 2026-02-14 07:40,104.8,25.3,3.55,1.1382533557958807,13.82533557958807,-1.3244293636440252,-2.587773934834867
101,11. 2026-02-14 07:40,78.1,24.0,3.14,1.0067931090701592,0.6793109070159176,-0.9362876019123044,-1.8293921278454255
102,11. 2026-02-14 07:40,138.5,25.5,3.22,1.0324438889190806,3.2443888919080566,-1.7641558568362046,-3.44694603474076
103,11. 2026-02-14 07:40,107.8,23.3,3.41,1.0933644910602685,9.336449106026844,-1.2546473651446928,-2.45142839479005
104,11. 2026-02-14 07:40,167.4,25.5,3.48,1.1158089234280746,11.58089234280746,-2.132272133100221,-4.166200478090998
105,11. 2026-02-14 07:40,77.3,23.5,3.86,1.2376501277104506,23.765012771045058,-0.9073907614456876,-1.7729312152355996
125,11. 2026-02-14 07:40,174.5,24.8,2.99,0.9532138549026364,-4.678614509736356,-2.161693462460355,-4.223686178224425
126,11. 2026-02-14 07:40,132.1,24.4,3.41,1.087110115457522,8.7110115457522,-1.610051029656325,-3.145843940544434
127,11. 2026-02-14 07:40,206.1,26.6,3.74,1.1923143201792177,19.23143201792177,-2.7384614108299994,-5.350620618225492
130,11. 2026-02-14 07:40,212.2,24.0,2.97,0.946837842495261,-5.316215750473896,-2.5439209875261337,-4.970512285900119
131,11. 2026-02-14 07:40,141.1,24.6,3.84,1.224194382216095,22.4194382216095,-1.733840398790933,-3.387713315876624
132,11. 2026-02-14 07:40,113.3,24.7,3.21,1.023349991383767,2.334999138376692,-1.3978927746626137,-2.7313125073072455
133,11. 2026-02-14 07:40,120.4,25.2,3.07,0.9787179045321384,-2.128209546786164,-1.5155631067061912,-2.961226028197422
134,11. 2026-02-14 07:40,88.5,25.4,3.5,1.1158021712907116,11.580217129071158,-1.1228557940347148,-2.193923689812063
135,11. 2026-02-14 07:40,86.4,25.5,2.97,0.946837842495261,-5.316215750473896,-1.1005275525678562,-2.150297020950193
136,11. 2026-02-14 07:40,109.7,25.1,2.94,0.9372738238841978,-6.272617611580222,-1.3753946986969026,-2.687354002485353
137,11. 2026-02-14 07:40,123.0,26.0,3.13,0.997845941754265,-0.21540582457350022,-1.5974433156826455,-3.1212100004533028
138,11. 2026-02-14 07:40,55.6,25.0,2.88,0.9181457866620713,-8.185421333792874,-0.6943233923698803,-1.3566234836241686
139,11. 2026-02-14 07:40,145.2,26.0,3.26,1.0392900224022057,3.9290022402205693,-1.8857623531473178,-3.6845503419985333
140,11. 2026-02-14 07:40,65.9,25.6,3.17,1.010597966569016,1.0597966569015904,-0.8426988027796277,-1.6465309941103001
141,11. 2026-02-14 07:40,110.0,26.1,2.98,0.9500258486989488,-4.997415130105121,-1.434102488844551,-2.802061885960423
142,11. 2026-02-14 07:40,85.4,24.8,4.07,1.2975185249009134,29.751852490091334,-1.0579290641496522,-2.067064754271438
143,11. 2026-02-14 07:40,122.5,25.9,2.89,0.9213337928657592,-7.866620713424077,-1.5848306065766455,-3.0965663004809927
144,11. 2026-02-14 07:40,57.1,24.6,3.24,1.0329140099948302,3.2914009994830185,-0.7016462563498389,-1.370931469429874
145,11. 2026-02-14 07:40,139.4,25.3,3.22,1.026537997587455,2.65379975874549,-1.7616932566028354,-3.4421344133204244
146,11. 2026-02-14 07:40,203.6,25.3,3.04,0.9691538859210752,-3.084611407892479,-2.573032618682477,-5.027392873400563
147,11. 2026-02-14 07:40,164.9,25.6,3.11,0.9914699293468896,-0.85300706531104,-2.1086651377596453,-4.120075279647777
148,11. 2026-02-14 07:40,174.9,24.5,2.98,0.9500258486989488,-4.997415130105121,-2.1404391744421254,-4.182157883815642
149,11. 2026-02-14 07:40,163.2,25.8,2.8,0.8926417370325692,-10.735826296743078,-2.103230433796347,-4.109456528927035
150,11. 2026-02-14 07:40,81.5,26.2,3.03,0.9659658797173876,-3.4034120282612434,-1.0666106041204353,-2.084027427757329
151,11. 2026-02-14 07:40,59.9,24.8,2.76,0.8798897122178183,-12.011028778218169,-0.7420368962829528,-1.4498498686283272
152,11. 2026-02-14 07:40,104.6,25.1,2.89,0.9213337928657592,-7.866620713424077,-1.3114520098787235,-2.5624177635366254
153,11. 2026-02-14 07:40,191.6,26.7,3.25,1.036102016198518,3.610201619851794,-2.5553698308017574,-4.992881933558151
154,11. 2026-02-14 07:40,116.9,25.1,2.96,0.9436498362915732,-5.635016370842683,-1.4656667299696253,-2.8637345751188485
155,11. 2026-02-14 07:40,108.6,26.1,2.95,0.9404618300878856,-5.953816991211436,-1.4158502753501656,-2.766399280139108
156,11. 2026-02-14 07:40,100.8,25.6,3.21,1.023349991383767,2.334999138376692,-1.288983904706927,-2.5185178180017944
157,11. 2026-02-14 07:40,236.0,25.6,3.2,1.0201619851800792,2.0161985180079167,-3.0178591419725667,-5.8965298119883265
158,11. 2026-02-14 07:40,166.6,26.2,3.14,1.0010339479579529,0.10339479579528632,-2.180335296275638,-4.260110054777557
159,11. 2026-02-14 07:40,138.1,26.5,3.29,1.048854041013269,4.885404101326896,-1.8280435991988722,-3.5717749149965385
160,11. 2026-02-14 07:40,92.5,25.3,3.1,0.9882819231432016,-1.1718076856798376,-1.1689858410025988,-2.284056192483065
161,11. 2026-02-14 07:40,196.6,26.7,2.87,0.9149577804583836,-8.50422195416164,-2.622054847263181,-5.123176347273134
162,11. 2026-02-14 07:40,72.9,27.0,3.09,0.985093916939514,-1.490608306048602,-0.9831918943896657,-1.9210374120988856
163,11. 2026-02-14 07:40,90.8,25.0,2.91,0.9277098052731346,-7.229019472686538,-1.1338950364601639,-2.21549302721357
164,11. 2026-02-14 07:40,396.6,27.9,2.95,0.9966216216216216,-0.33783783783783994,-5.527183843055867,-10.79944516085549
165,11. 2026-02-14 07:40,168.6,27.1,2.92,0.9864864864864864,-1.3513513513513598,-2.2823059274399458,-4.459348269127944
166,11. 2026-02-14 07:40,129.1,26.8,2.69,0.9087837837837838,-9.121621621621623,-1.7282558408580586,-3.376801768720567
167,11. 2026-02-14 07:40,93.6,27.8,3.12,1.0540540540540542,5.405405405405417,-1.2997733905164153,-2.5395991613444426
168,11. 2026-02-14 07:40,38.5,28.2,3.12,1.0540540540540542,5.405405405405417,-0.5423215158963877,-1.0596302994034241
185,11. 2026-02-14 07:40,158.4,26.1,2.98,0.9929713125423024,-0.702868745769758,-2.0651075839361535,-4.034969115783009
186,11. 2026-02-14 07:40,106.8,25.4,2.69,0.8963398760868434,-10.36601239131566,-1.3550395344961301,-2.6475824866884556
187,11. 2026-02-14 07:40,111.8,24.9,2.72,0.9063362315822358,-9.366376841776425,-1.3905549252856977,-2.716975241858009
188,11. 2026-02-14 07:40,121.7,26.7,2.95,0.98297495704691,-1.7025042953090042,-1.6231133006710536,-3.171366029822688
189,11. 2026-02-14 07:40,17.6,26.5,2.96,0.986307075545374,-1.3692924454625999,-0.23297297136785047,-0.455200858102383
190,11. 2026-02-14 07:40,57.3,25.8,3.16,1.0529494455146562,5.294944551465619,-0.7384503912777617,-1.442842273943132
191,11. 2026-02-14 07:40,32.5,25.9,3.14,1.046285208517728,4.6285208517728105,-0.4204652629693141,-0.8215379980867941
192,11. 2026-02-14 07:40,78.6,27.0,2.74,0.913000468579164,-8.699953142083604,-1.060066980782273,-2.071241983415259
193,11. 2026-02-14 07:40,15.7,26.2,3.16,1.0529494455146562,5.294944551465619,-0.20546977281829243,-0.4014629523409823
194,11. 2026-02-14 07:40,50.5,25.9,3.33,1.1095954599885458,10.95954599885458,-0.6533383316907804,-1.2765436585656338
195,11. 2026-02-14 07:40,62.4,25.9,2.98,0.9929713125423024,-0.702868745769758,-0.807293304901083,-1.5773529563266446
196,11. 2026-02-14 07:40,122.9,26.4,3.13,1.0429530900192638,4.295309001926384,-1.6207006517608769,-3.166652007214124
197,11. 2026-02-14 07:40,98.8,26.9,3.48,1.1595772374655071,15.957723746550712,-1.3275663067404875,-2.593903140214118
198,11. 2026-02-14 07:40,66.9,26.8,3.12,1.0396209715207998,3.9620971520799797,-0.8955872637753998,-1.7498686160139887
199,11. 2026-02-14 07:40,51.4,26.3,2.83,0.9429895350653408,-5.701046493465922,-0.675251977175145,-1.319360257289801
200,11. 2026-02-14 07:40,63.0,25.6,3.07,1.0229603790284791,2.296037902847914,-0.8056149404418292,-1.5740736362511214
201,11. 2026-02-14 07:40,147.7,25.6,3.08,1.0262924975269434,2.6292497526943404,-1.8887194714802886,-3.690328191655407
202,11. 2026-02-14 07:40,67.4,25.7,2.84,0.9463216535638048,-5.367834643619518,-0.8652468300685316,-1.6905870977439656
203,11. 2026-02-14 07:40,37.6,26.9,2.82,0.9396574165668766,-6.034258343312338,-0.5052276632939507,-0.9871534217818911
206,11. 2026-02-14 07:40,59.3,25.4,2.8,0.9329931795699484,-6.700682043005157,-0.7523768201837128,-1.470052822665032
207,11. 2026-02-14 07:40,48.1,25.7,2.75,0.916332587077628,-8.3667412922372,-0.617483271903507,-1.2064872314760349
208,11. 2026-02-14 07:40,75.1,25.6,3.43,1.142916644973187,14.29166449731869,-0.9603441591616092,-1.876395715594591
209,11. 2026-02-14 07:40,89.2,26.5,2.84,0.9463216535638048,-5.367834643619518,-1.180749377614333,-2.3070407126552586
210,11. 2026-02-14 07:40,67.7,25.4,2.88,0.9596501275576612,-4.034987244233879,-0.8589529633463298,-1.6782896474607532
211,11. 2026-02-14 07:40,133.2,26.4,2.99,0.9963034310407664,-0.3696568959233648,-1.7565282897847738,-3.4320426961832484
212,11. 2026-02-14 07:40,90.3,25.9,3.02,1.0062997865361587,0.6299786536158702,-1.1682465614193556,-2.2826117300688455
213,11. 2026-02-14 07:40,108.1,26.7,2.99,0.9963034310407664,-0.3696568959233648,-1.441730055895981,-2.8169652245179333
214,11. 2026-02-14 07:40,59.0,26.1,3.04,1.012964023533087,1.296402353308701,-0.7692004258348046,-1.5029241024696813
215,11. 2026-02-14 07:40,66.5,25.5,3.18,1.0596136825115845,5.96136825115845,-0.8470495630296577,-1.6550318506155997
216,11. 2026-02-14 07:40,102.6,26.4,3.05,1.016296142031551,1.6296142031551053,-1.3530015205098935,-2.643600455168178
217,11. 2026-02-14 07:40,74.8,26.8,2.82,0.9396574165668766,-6.034258343312338,-1.0013442052376667,-1.9565048202966568
218,11. 2026-02-14 07:40,96.3,26.1,3.21,1.0696100380069766,6.961003800697663,-1.2554915425066389,-2.4530778147089887
219,11. 2026-02-14 07:40,107.6,26.2,3.2,1.0662779195085126,6.627791950851258,-1.408187742372501,-2.7514276224133565
220,11. 2026-02-14 07:40,150.8,26.7,3.09,1.0296246160254074,2.9624616025407446,-2.01122009647654,-3.92967951764389
223,11. 2026-02-14 07:40,63.8,25.6,2.93,0.976310720049982,-2.3689279950018016,-0.8158449714315668,-1.5940618729019294
224,11. 2026-02-14 07:40,77.6,26.0,3.11,1.0362888530223355,3.628885302233553,-1.0078178967233598,-1.969153626302246
226,11. 2026-02-14 07:40,71.9,26.9,2.9,0.9663143645545896,-3.3685635445410367,-0.9661135369902941,-1.8876683783542019
227,11. 2026-02-14 07:40,14.0,25.2,2.66,0.8863435205914512,-11.365647940854885,-0.17622826822165016,-0.3443286079299328
228,11. 2026-02-14 07:40,60.7,26.5,3.15,1.049617327016192,4.9617327016191926,-0.8034920092061661,-1.569925686750832
229,11. 2026-02-14 07:40,32.3,26.0,2.98,0.9929713125423024,-0.702868745769758,-0.4194912121670686,-0.8196348212572493
230,11. 2026-02-14 07:40,96.8,26.0,2.85,0.949653772062269,-5.034622793773103,-1.257174902098212,-2.4563668946656887
231,11. 2026-02-14 07:40,54.1,26.0,2.75,0.916332587077628,-8.3667412922372,-0.7026153120197651,-1.3728248863782413
232,11. 2026-02-14 07:40,112.5,25.5,2.86,0.952985890560733,-4.701410943926698,-1.4329785840727294,-2.7998659126955636
233,11. 2026-02-14 07:40,119.9,26.8,2.74,0.913000468579164,-8.699953142083604,-1.605095858395672,-3.136162138416701
234,11. 2026-02-14 07:40,129.4,25.7,2.94,0.979642838548446,-2.0357161451553973,-1.6611712138110981,-3.245726564511412
235,11. 2026-02-14 07:40,86.7,25.8,2.85,0.949653772062269,-5.034622793773103,-1.1173411679543095,-2.183148780992487
236,11. 2026-02-14 07:40,125.5,27.1,3.1,1.0329567345238715,3.295673452387149,-1.6988694774241586,-3.3193843877553793
237,11. 2026-02-14 07:40,94.6,27.2,3.02,1.0062997865361587,0.6299786536158702,-1.28530748731999,-2.5113345454554103
238,11. 2026-02-14 07:40,111.0,26.3,2.99,0.9963034310407664,-0.3696568959233648,-1.4582289779463247,-2.8492021120460684
239,11. 2026-02-14 07:40,88.4,26.7,2.76,0.919664705576092,-8.033529442390797,-1.178991091037972,-2.303605234480901
240,11. 2026-02-14 07:40,74.1,26.7,2.87,0.9563180090591972,-4.368199094080283,-0.9882719439582999,-1.9309632112560493
241,11. 2026-02-14 07:40,7.3,25.3,2.83,0.9429895350653408,-5.701046493465922,-0.09225509880344833,-0.1802552454608257
249,11. 2026-02-14 07:40,104.2,24.8,2.68,0.8930077575883794,-10.699224241162064,-1.2908221134003952,-2.5221094542749865
250,11. 2026-02-14 07:40,204.4,26.0,3.07,1.0229603790284791,2.296037902847914,-2.654613119719778,-5.186791252785814
251,11. 2026-02-14 07:40,96.8,25.9,2.99,0.9963034310407664,-0.3696568959233648,-1.2523396140132184,-2.446919329686205
256,11. 2026-02-14 07:40,98.5,27.5,2.97,0.9896391940438384,-1.0360805956161623,-1.3530564669654053,-2.6437078138611274
257,11. 2026-02-14 07:40,139.9,24.6,3.08,1.0262924975269434,2.6292497526943404,-1.7190947681846318,-3.35890214664167
258,11. 2026-02-14 07:40,96.5,25.9,2.89,0.9629822460561256,-3.701775394387441,-1.2484583962011941,-2.4393359020115577
264,11. 2026-02-14 07:40,183.0,26.1,3.29,1.0962669859946894,9.626698599468941,-2.385825049623208,-4.661612046643249
265,11. 2026-02-14 07:40,88.9,25.5,3.49,1.1629093559639716,16.290935596397162,-1.1323715211028058,-2.212516263454539
266,11. 2026-02-14 07:40,175.9,26.9,3.22,1.072942156505441,7.294215650544089,-2.36355175461186,-4.618092736474326
267,11. 2026-02-14 07:40,74.6,25.9,3.15,1.049617327016192,4.9617327016191926,-0.9651294959234101,-1.8857456817623026
268,11. 2026-02-14 07:40,119.1,26.6,2.94,0.979642838548446,-2.0357161451553973,-1.5824878895189372,-3.0919889162089085
269,11. 2026-02-14 07:40,181.2,26.7,3.54,1.179569948456292,17.956994845629204,-2.416664996561996,-4.721869553030986
272,11. 2026-02-14 07:40,167.4,26.7,3.16,1.0232490449336,2.3249044933600027,-2.2326143511284666,-4.362256971177633
273,11. 2026-02-14 07:40,140.7,27.4,2.98,0.9649627069310532,-3.503729306894676,-1.9257134214363412,-3.762609871653396
274,11. 2026-02-14 07:40,64.8,25.8,2.93,0.9487720574859012,-5.1227942514098785,-0.8351062016544321,-1.631695974721029
275,11. 2026-02-14 07:40,108.5,25.9,3.21,1.0394396943787518,3.9439694378751833,-1.4037071086821715,-2.7426730089974507
276,11. 2026-02-14 07:40,128.1,26.2,3.31,1.0718209932690557,7.182099326905567,-1.6764762992371502,-3.275630840438206
277,11. 2026-02-14 07:40,102.0,26.5,2.9,0.9390576678188102,-6.094233218118983,-1.3501842658818604,-2.6380958821842637
278,11. 2026-02-14 07:40,71.3,27.0,3.17,1.0264871748226303,2.64871748226303,-0.961612922770688,-1.8788747254135878
279,11. 2026-02-14 07:40,52.4,26.7,2.88,0.9325814080407494,-6.741859195925059,-0.6988589725157207,-1.3654854557330225
280,11. 2026-02-14 07:40,54.5,26.2,3.07,0.9941058759323266,-0.5894124067673423,-0.7132549438596776,-1.3936134332855754
281,11. 2026-02-14 07:40,156.5,26.8,2.99,0.9682008368200836,-3.179916317991638,-2.095058397322124,-4.093489363321215
282,11. 2026-02-14 07:40,40.6,26.1,3.05,0.9876296161542658,-1.237038384573419,-0.5293141913371707,-1.0342155688181198
283,11. 2026-02-14 07:40,53.4,25.9,2.99,0.9682008368200836,-3.179916317991638,-0.6908567705403498,-1.3498501260872244
284,11. 2026-02-14 07:40,64.4,26.1,3.01,0.9746770965981444,-2.532290340185561,-0.839601820741719,-1.6404798677804657
285,11. 2026-02-14 07:40,67.9,25.5,3.01,0.9746770965981444,-2.532290340185561,-0.8648821854092296,-1.6898746264180335
286,11. 2026-02-14 07:40,64.7,27.4,2.82,0.9131526287065672,-8.68473712934328,-0.8855270672845152,-1.7302122153232038
287,11. 2026-02-14 07:40,85.3,26.2,2.85,0.9228670183736584,-7.713298162634164,-1.116342141490468,-2.181196804757057
288,11. 2026-02-14 07:40,86.4,25.9,3.0,0.971438966709114,-2.8561033290885995,-1.117790729863038,-2.1840271702984313
289,11. 2026-02-14 07:40,108.6,26.9,3.27,1.058868473712934,5.886847371293391,-1.4592479849394426,-2.851193127806207
290,11. 2026-02-14 07:40,114.9,28.3,2.97,0.9617245770420229,-3.8275422957977145,-1.6242521908398335,-3.1735912827310795
291,11. 2026-02-14 07:40,57.0,25.7,3.13,1.0135346552665088,1.3534655266508766,-0.7317369334407464,-1.4297249936410392
292,11. 2026-02-14 07:40,131.4,26.2,2.81,0.9099144988175368,-9.008550118246317,-1.7196642132690212,-3.360014773095865
293,11. 2026-02-14 07:40,97.5,27.0,3.1,1.0038202655994175,0.3820265599417505,-1.3149685830314457,-2.569288719885341
294,11. 2026-02-14 07:40,62.2,25.5,2.62,0.8483900309259595,-15.160996907404044,-0.7922779371495445,-1.548014753508125
295,11. 2026-02-14 07:40,173.9,26.5,3.0,0.971438966709114,-2.8561033290885995,-2.3019318023221134,-4.497694842272977
296,11. 2026-02-14 07:40,49.4,25.5,3.04,0.9843914862652356,-1.560851373476435,-0.6292368182506028,-1.229452231885874
297,11. 2026-02-14 07:40,80.5,24.8,2.8,0.9066763689285064,-9.332363107149355,-0.9972282162066394,-1.9484626782066836
298,11. 2026-02-14 07:40,221.5,26.7,3.23,1.0459159541568126,4.59159541568126,-2.9541462292410716,-5.772042527573751
299,11. 2026-02-14 07:40,195.5,27.9,3.81,1.2337274877205748,23.372748772057484,-2.7245699478502825,-5.323478388671831
300,11. 2026-02-14 07:40,24.2,26.0,3.34,1.081535382936147,8.153538293614693,-0.314293725524553,-0.6140917236664222
301,11. 2026-02-14 07:40,52.9,26.5,3.03,0.981153356376205,-1.8846643623794956,-0.7002426241681413,-1.368188942819094
304,11. 2026-02-14 07:40,106.3,26.6,3.12,1.0102965253774785,1.0296525377478494,-1.4124136243145509,-2.7596844818892277
305,11. 2026-02-14 07:40,59.6,25.3,2.89,0.9358195379297798,-6.418046207022021,-0.7532060121487015,-1.47167296294044
306,11. 2026-02-14 07:40,32.5,25.4,3.17,1.0264871748226303,2.64871748226303,-0.41234817295060144,-0.8056781911739216
307,11. 2026-02-14 07:40,112.3,26.3,2.98,0.9649627069310532,-3.503729306894676,-1.475307335345696,-2.8825711457907524
308,11. 2026-02-14 07:40,86.5,26.3,3.74,1.211060578497362,21.106057849736203,-1.136367626958172,-2.2203241683962602
309,11. 2026-02-14 07:40,115.6,26.0,2.99,0.9682008368200836,-3.179916317991638,-1.5013369698610877,-2.9334298866048925
310,11. 2026-02-14 07:40,70.5,26.0,2.94,0.9520101873749316,-4.798981262506841,-0.9156077541107844,-1.7889862197720148
311,11. 2026-02-14 07:40,179.3,24.7,3.35,1.0847735128251772,8.47735128251772,-2.212199245339865,-4.322368336806613
312,11. 2026-02-14 07:40,100.3,25.9,3.08,0.9973440058213572,-0.26559941786428176,-1.297620488486837,-2.53539265255709
313,11. 2026-02-14 07:40,116.9,26.8,2.83,0.9163907585955976,-8.36092414044024,-1.5649349945492412,-3.0576926937523963
314,11. 2026-02-14 07:40,131.0,27.0,3.15,1.0200109150445695,2.0010915044569533,-1.7667783013037885,-3.452069972358766
315,11. 2026-02-14 07:40,91.8,26.7,3.03,0.981153356376205,-1.8846643623794956,-1.2243369022317396,-2.392205435807089
317,11. 2026-02-14 07:40,50.2,25.5,2.59,0.8386756412588683,-16.13243587411317,-0.6394268881817868,-1.249362389487265
318,11. 2026-02-14 07:40,95.9,26.0,2.57,0.8321993814808076,-16.780061851919235,-1.2454862924712657,-2.4335287727111528
319,11. 2026-02-14 07:40,93.9,26.7,2.52,0.8160087320356557,-18.39912679643443,-1.252344609145538,-2.4469290895673823
320,11. 2026-02-14 07:40,123.5,25.7,2.72,0.8807713298162634,-11.922867018373662,-1.5854300224549505,-3.0977374862222518
321,11. 2026-02-14 07:40,98.3,26.2,3.0,0.971438966709114,-2.8561033290885995,-1.2864763482826846,-2.5136183576508637
322,11. 2026-02-14 07:40,106.3,25.8,2.55,0.8257231217027469,-17.427687829725315,-1.369935019072008,-2.676686452358725
323,11. 2026-02-14 07:40,23.9,26.0,2.55,0.8257231217027469,-17.427687829725315,-0.3103975223155709,-0.6064790163482434
324,11. 2026-02-14 07:40,69.9,26.2,3.66,1.185155539385119,18.515553938511896,-0.9147985426750728,-1.7874051190213163
325,11. 2026-02-14 07:40,51.3,24.7,3.4,1.1009641622703292,10.096416227032922,-0.6329382112991359,-1.2366843038381437
336,11. 2026-02-14 07:40,91.3,26.7,3.42,1.10744042204839,10.744042204839,-1.2176684005855973,-2.379175994435591
337,11. 2026-02-14 07:40,81.2,26.1,3.42,1.10744042204839,10.744042204839,-1.0586283826743415,-2.0684311376362396
339,11. 2026-02-14 07:40,79.6,26.7,3.42,1.10744042204839,10.744042204839,-1.0616254620658656,-2.0742870663425306
340,11. 2026-02-14 07:40,37.2,26.7,3.2,1.0362015644897216,3.620156448972156,-0.4961365224729926,-0.9693904380394741
341,11. 2026-02-14 07:40,62.9,27.3,2.88,0.9325814080407494,-6.741859195925059,-0.8577491364574008,-1.6759375160970602
342,11. 2026-02-14 07:40,90.1,27.0,3.12,1.0102965253774785,1.0296525377478494,-1.2151658392936744,-2.374286293965838
343,11. 2026-02-14 07:40,73.6,28.0,3.14,1.0167727851555393,1.677278515553926,-1.0293968683423373,-2.011316312987544
344,11. 2026-02-14 07:40,44.5,27.2,3.18,1.0297253047116608,2.9725304711660794,-0.6046108159169087,-1.1813360176825134
345,11. 2026-02-14 07:40,109.4,25.9,3.81,1.2337274877205748,23.372748772057484,-1.4153507621182448,-2.7654232920213926
346,11. 2026-02-14 07:40,79.7,27.3,2.43,0.7868655630343824,-21.313443696561762,-1.0868458851455463,-2.123564706405973
347,11. 2026-02-14 07:40,41.2,27.0,2.43,0.7868655630343824,-21.313443696561762,-0.5556585191886725,-1.085689182146421
348,11. 2026-02-14 07:40,66.2,25.3,3.75,1.2142987083863923,21.429870838639232,-0.8366147316148329,-1.634643458836529
349,11. 2026-02-14 07:40,111.0,27.4,3.35,1.0847735128251772,8.47735128251772,-1.5192195435638511,-2.9683702612190976
350,11. 2026-02-14 07:40,66.6,26.4,2.87,0.929343278151719,-7.065672184828098,-0.8782641448923869,-1.7160213480916242
351,11. 2026-02-14 07:40,50.4,26.7,3.0,0.971438966709114,-2.8561033290885995,-0.6721849659311513,-1.3133676902470295
352,11. 2026-02-14 07:40,66.2,27.2,2.63,0.8516281608149898,-14.837183918501019,-0.8994435059258282,-1.7574032442827503
353,11. 2026-02-14 07:40,59.5,27.2,3.11,1.007058395488448,0.7058395488447999,-0.8084122145405856,-1.5795391697103267
354,11. 2026-02-14 07:40,31.1,26.0,3.31,1.0718209932690557,7.182099326905567,-0.4039063993311404,-0.7891839919845344
356,11. 2026-02-14 07:40,28.2,26.7,3.21,1.0394396943787518,3.9439694378751833,-0.37610349284242994,-0.7348604933525046
357,11. 2026-02-14 07:40,22.9,26.2,3.12,1.0102965253774785,1.0296525377478494,-0.2996979488878278,-0.5855733508667831
359,11. 2026-02-14 07:40,110.9,26.8,3.04,0.9843914862652356,-1.560851373476435,-1.4846132668563805,-2.9007538044237875
360,11. 2026-02-14 07:40,74.8,27.2,3.04,0.9843914862652356,-1.560851373476435,-1.0162896411367361,-1.9857063847786964
361,11. 2026-02-14 07:40,67.7,26.3,3.45,1.117154811715481,11.715481171548102,-0.8893883045672627,-1.7377566034731422
362,11. 2026-02-14 07:40,220.2,27.8,2.65,0.8581044205930506,-14.189557940694941,-3.0578002199969516,-5.974569821880837
363,11. 2026-02-14 07:40,136.0,26.8,3.33,1.0782972530471164,7.829725304711643,-1.8206258277048488,-3.557281491448468
364,11. 2026-02-14 07:40,76.9,27.5,3.33,1.0782972530471164,7.829725304711643,-1.0563456072044637,-2.0639708719382814
365,11. 2026-02-14 07:40,53.8,26.3,3.02,0.9779152264871748,-2.208477351282523,-0.7067812523739843,-1.3809646272799863
366,11. 2026-02-14 07:40,70.5,27.8,3.72,1.2045843187193013,20.458431871930127,-0.9789959832415308,-1.9128391119100772
367,11. 2026-02-14 07:40,58.7,27.0,3.21,1.0394396943787518,3.9439694378751833,-0.7916785212712397,-1.5468435677668666
368,11. 2026-02-14 07:40,33.5,26.3,3.14,1.0167727851555393,1.677278515553926,-0.4400961329838008,-0.8598943311130027
369,11. 2026-02-14 07:40,129.6,27.9,3.72,1.2045843187193013,20.458431871930127,-1.8061599245084226,-3.529016875559434
370,11. 2026-02-14 07:40,94.6,26.7,3.69,1.1948699290522102,19.486992905221022,-1.261680511450137,-2.4651703074874796
382,11. 2026-02-14 07:40,63.6,26.6,2.3,0.7447698744769873,-25.52301255230127,-0.8450565052342939,-1.651137658025916
383,11. 2026-02-14 07:40,72.2,26.1,3.15,1.0200109150445695,2.0010915044569533,-0.9412927244961508,-1.839171528784932
384,11. 2026-02-14 07:40,86.6,26.2,2.76,0.8937238493723848,-10.62761506276152,-1.1333555621696896,-2.214438960046438
385,11. 2026-02-14 07:40,48.8,25.5,3.39,1.0977260323812987,9.772603238129873,-0.621594265802215,-1.214519613684831
386,11. 2026-02-14 07:40,43.9,25.6,3.29,1.065344733490995,6.53447334909949,-0.5613729505618461,-1.0968544862130831
387,11. 2026-02-14 07:40,83.5,27.2,3.51,1.1365835910496631,13.658359104966312,-1.1344944523384688,-2.2166642129548286
5,12. 2026-02-14 07:40,257.5,27.8,3.45,1.098881653454134,9.888165345413391,-3.5757654707048827,-6.986610940664467
6,12. 2026-02-14 07:40,73.3,25.9,4.58,1.4588052095130242,45.880520951302415,-0.9483108854046376,-1.852884161838831
7,12. 2026-02-14 07:40,126.4,26.8,3.61,1.1498442808607023,14.984428086070235,-1.6921110633962713,-3.3061792685226936
8,12. 2026-02-14 07:40,109.5,26.3,3.66,1.165770101925255,16.57701019252551,-1.43852318094705,-2.8106993808022027
9,12. 2026-02-14 07:40,116.5,26.9,3.85,1.226288221970555,22.62882219705551,-1.5653995418549271,-3.058600362701871
12,12. 2026-02-14 07:40,84.4,27.0,3.8,1.2103624009060023,21.036240090600234,-1.1382907529010668,-2.2240817226494642
13,12. 2026-02-14 07:40,179.7,25.1,3.39,1.0797706681766708,7.977066817667078,-2.253039447181708,-4.402165125311011
14,12. 2026-02-14 07:40,71.4,26.9,3.39,1.0797706681766708,7.977066817667078,-0.9593950840209596,-1.874541338170932
15,12. 2026-02-14 07:40,27.1,27.1,3.75,1.1944365798414498,19.44365798414498,-0.366847512654938,-0.7167754335312415
16,12. 2026-02-14 07:40,145.9,27.4,3.48,1.1084371460928657,10.84371460928657,-1.9968840667204137,-3.901668658665462
18,12. 2026-02-14 07:40,115.2,27.8,3.13,0.9969563986409968,-0.30436013590031674,-1.5997210960202037,-3.1256605062700835
19,12. 2026-02-14 07:40,77.2,27.1,3.13,0.9969563986409968,-0.30436013590031674,-1.0450416227660961,-2.0418842608343852
22,12. 2026-02-14 07:40,87.5,27.5,3.32,1.0574745186862968,5.747451868629683,-1.20195371430937,-2.3484714082522706
23,12. 2026-02-14 07:40,93.5,26.7,3.32,1.0574745186862968,5.747451868629683,-1.247009807828624,-2.4365055364701838
24,12. 2026-02-14 07:40,81.4,27.8,3.55,1.1307332955832392,13.07332955832392,-1.1303584827781648,-2.208583031340146
25,12. 2026-02-14 07:40,8.4,27.7,3.41,1.0861409966024915,8.614099660249153,-0.11622673880332642,-0.22709291522997951
26,12. 2026-02-14 07:40,33.4,26.5,3.9,1.242214043035108,24.22140430351081,-0.44211916157307984,-0.8638470829897493
27,12. 2026-02-14 07:40,50.8,27.3,3.9,1.242214043035108,24.22140430351081,-0.6927449305570105,-1.3535393611721884
29,12. 2026-02-14 07:40,67.3,27.3,3.15,1.0033267270668178,0.3326727066817803,-0.9177506658757247,-1.7931732087970138
30,12. 2026-02-14 07:40,51.6,27.8,3.15,1.0033267270668178,0.3326727066817803,-0.7165417409257163,-1.4000354351001418
31,12. 2026-02-14 07:40,90.9,26.6,3.16,1.0065118912797284,0.6511891279728399,-1.207793023990524,-2.3598807093483614
33,12. 2026-02-14 07:40,87.5,27.0,4.07,1.2963618346545869,29.636183465458686,-1.1801000104128359,-2.3057719281022284
34,12. 2026-02-14 07:40,73.1,27.8,3.68,1.172140430351076,17.214043035107608,-1.0151007996447647,-1.983383533058534
35,12. 2026-02-14 07:40,38.0,26.8,3.75,1.1944365798414498,19.44365798414498,-0.5087042753881195,-0.9939462990811894
36,12. 2026-02-14 07:40,48.3,28.2,3.44,1.095696489241223,9.569648924122308,-0.6803669926700137,-1.329354375615205
37,12. 2026-02-14 07:40,12.4,27.1,3.08,0.9810305775764442,-1.8969422423555815,-0.1678564264546579,-0.3279710470770255
38,12. 2026-02-14 07:40,44.5,27.5,2.93,0.933253114382786,-6.674688561721398,-0.611279317563051,-1.1943654590540116
39,12. 2026-02-14 07:40,90.3,27.0,3.06,0.9746602491506232,-2.5339750849376785,-1.2178632107460463,-2.3795566298015
40,12. 2026-02-14 07:40,26.3,26.4,2.67,0.8504388448471123,-14.95611551528877,-0.34682202718723393,-0.6776480698920379
41,12. 2026-02-14 07:40,89.7,26.4,2.58,0.8217723669309175,-17.82276330690825,-1.182887294246954,-2.3112179417990797
42,12. 2026-02-14 07:40,73.9,27.2,2.58,0.8217723669309175,-17.82276330690825,-1.0040615572193157,-1.961814195657028
43,12. 2026-02-14 07:40,72.5,28.0,2.98,0.9491789354473388,-5.082106455266122,-1.0140118607991775,-1.9812558789619148
44,12. 2026-02-14 07:40,118.4,27.9,3.04,0.968289920724802,-3.1710079275197978,-1.6500720297978184,-3.224040108535779
45,12. 2026-02-14 07:40,204.6,27.7,2.54,0.8090317100792753,-19.096828992072467,-2.8309512808524504,-5.531334578101644
46,12. 2026-02-14 07:40,232.3,26.8,2.18,0.6943657984144962,-30.56342015855038,-3.109789557175267,-6.07615066517264
47,12. 2026-02-14 07:40,167.4,27.2,2.42,0.770809739524349,-22.919026047565104,-2.2744236086402356,-4.443947176630399
48,12. 2026-02-14 07:40,141.0,26.6,2.55,0.8122168742921858,-18.77831257078142,-1.8734743276420667,-3.6605410343027383
49,12. 2026-02-14 07:40,58.2,27.3,2.38,0.7580690826727068,-24.19309173272932,-0.7936565936696461,-1.5507084807130191
50,12. 2026-02-14 07:40,173.7,26.5,2.33,0.7421432616081541,-25.785673839184586,-2.2992843821929334,-4.492522105249085
51,12. 2026-02-14 07:40,50.9,26.7,2.35,0.7485135900339752,-25.148640996602477,-0.6788534675772936,-1.3263971316185277
52,12. 2026-02-14 07:40,145.1,27.6,2.57,0.8185872027180069,-18.14127972819931,-2.0004306106670517,-3.9085981743012415
53,12. 2026-02-14 07:40,106.1,26.4,2.29,0.7294026047565121,-27.059739524348792,-1.3991565431393733,-2.7337817572450653
54,12. 2026-02-14 07:40,119.6,26.9,2.6,0.8281426953567386,-17.18573046432614,-1.607053950264801,-3.1399880118381436
55,12. 2026-02-14 07:40,93.2,26.2,2.65,0.8440685164212912,-15.593148357870879,-1.2197313902334304,-2.3832068253617553
56,12. 2026-02-14 07:40,146.6,26.7,2.48,0.7899207248018122,-21.007927519818782,-1.955204682648944,-3.820232210123304
62,12. 2026-02-14 07:40,94.6,26.5,3.97,1.49811320754717,49.811320754716995,-1.2522297211021958,-2.446704612300308
63,12. 2026-02-14 07:40,176.4,26.8,2.63,0.9924528301886792,-0.7547169811320753,-2.3614587941701126,-4.614003346261101
64,12. 2026-02-14 07:40,114.1,27.2,2.63,0.9924528301886792,-0.7547169811320753,-1.5502493055307698,-3.0289986430915676
66,12. 2026-02-14 07:40,83.2,28.1,3.21,1.211320754716981,21.13207547169811,-1.1678219751722232,-2.2817821401687883
67,12. 2026-02-14 07:40,96.4,28.0,3.21,1.211320754716981,21.13207547169811,-1.3482861156005614,-2.6343871273369466
69,12. 2026-02-14 07:40,94.3,26.5,2.68,1.0113207547169811,1.132075471698113,-1.2482585909084258,-2.4389455067644716
70,12. 2026-02-14 07:40,89.5,27.9,3.02,1.139622641509434,13.962264150943394,-1.2473095157677763,-2.4370911293408124
71,12. 2026-02-14 07:40,28.1,25.9,2.53,0.9547169811320756,-4.528301886792441,-0.3635407350596223,-0.7103143921919665
72,12. 2026-02-14 07:40,127.5,26.7,2.49,0.939622641509434,-6.037735849056602,-1.700467919766305,-3.3225075497320686
74,12. 2026-02-14 07:40,37.7,26.7,2.71,1.0226415094339625,2.264150943396248,-0.502805024119135,-0.9824198794109725
75,12. 2026-02-14 07:40,36.5,27.1,2.62,0.988679245283019,-1.1320754716981019,-0.49409351335443663,-0.9653986466380188
76,12. 2026-02-14 07:40,17.6,26.2,2.67,1.0075471698113208,0.7547169811320753,-0.23033554150330876,-0.4500476408408465
77,12. 2026-02-14 07:40,109.0,26.9,3.02,1.139622641509434,13.962264150943394,-1.4646227473149103,-2.861694759952823
78,12. 2026-02-14 07:40,88.8,27.2,3.04,1.147169811320755,14.71698113207549,-1.2065042798521681,-2.357362660004656
79,12. 2026-02-14 07:40,78.0,26.2,2.16,0.8150943396226416,-18.490566037735846,-1.0208052407533001,-1.994529317362842
80,12. 2026-02-14 07:40,133.0,28.0,2.34,0.8830188679245283,-11.698113207547166,-1.860187275672974,-3.634579750371514
82,12. 2026-02-14 07:40,97.5,26.8,2.09,0.7886792452830188,-21.13207547169812,-1.3052280750089909,-2.550256951589894
84,12. 2026-02-14 07:40,119.9,25.2,2.09,0.7886792452830188,-21.13207547169812,-1.5092692399839898,-2.9489285779142107
85,12. 2026-02-14 07:40,44.3,26.6,2.24,0.8452830188679247,-15.471698113207532,-0.5886164022308054,-1.1500848781532715
86,12. 2026-02-14 07:40,48.2,26.1,2.12,0.8,-19.999999999999996,-0.6283976360209761,-1.2278125718481125
88,12. 2026-02-14 07:40,83.9,26.4,2.59,0.9773584905660376,-2.264150943396237,-1.1064018281752444,-2.161774641214524
89,12. 2026-02-14 07:40,29.9,26.1,2.31,0.8716981132075472,-12.83018867924528,-0.38981513105865523,-0.7616513671837877
90,12. 2026-02-14 07:40,64.9,26.0,2.72,1.0264150943396229,2.6415094339622858,-0.8428786275431193,-1.6468823498326777
91,12. 2026-02-14 07:40,67.9,25.8,2.74,1.0339622641509436,3.396226415094361,-0.8750572699434559,-1.7097555043758927
92,12. 2026-02-14 07:40,35.5,25.9,2.04,0.769811320754717,-23.018867924528298,-0.4592774410895584,-0.8973722748332672
103,12. 2026-02-14 07:40,75.1,26.2,2.89,1.090566037735849,9.056603773584904,-0.9828522253919593,-1.920373740178839
104,12. 2026-02-14 07:40,29.7,25.8,2.89,1.090566037735849,9.056603773584904,-0.3827570090916147,-0.7478606550804716
105,12. 2026-02-14 07:40,71.0,27.2,2.65,1.0,0.0,-0.9646599534854047,-1.8848282529316505
106,12. 2026-02-14 07:40,89.9,26.5,2.75,1.0377358490566038,3.7735849056603765,-1.1900153480664635,-2.3251452922388767
107,12. 2026-02-14 07:40,78.7,27.1,2.62,0.988679245283019,-1.1320754716981019,-1.0653468356436757,-2.0815581778195096
108,12. 2026-02-14 07:40,43.1,27.3,2.62,0.988679245283019,-1.1320754716981019,-0.5877422540749441,-1.1483768989472702
111,12. 2026-02-14 07:40,163.2,25.7,3.13,1.181132075471698,18.113207547169807,-2.0950783778513995,-4.093528402845922
112,12. 2026-02-14 07:40,135.5,26.1,2.52,0.9509433962264152,-4.905660377358478,-1.7665535203494245,-3.451630777705794
113,12. 2026-02-14 07:40,78.3,25.6,2.65,1.0,0.0,-1.0012642831205592,-1.956348662197822
114,12. 2026-02-14 07:40,85.0,26.4,2.68,1.0113207547169811,1.132075471698113,-1.1209076924302237,-2.1901173361529738
115,12. 2026-02-14 07:40,81.0,26.4,2.83,1.0679245283018868,6.792452830188678,-1.0681590951393898,-2.087052990922246
116,12. 2026-02-14 07:40,30.5,25.9,2.52,0.9509433962264152,-4.905660377358478,-0.39459047755581783,-0.7709818135891452
117,12. 2026-02-14 07:40,32.9,26.6,2.59,0.9773584905660376,-2.264150943396237,-0.4371440097831488,-0.8541262413373055
118,12. 2026-02-14 07:40,49.4,27.1,2.43,0.9169811320754718,-8.301886792452818,-0.6687183441016211,-1.3065943327100857
119,12. 2026-02-14 07:40,21.3,27.3,2.36,0.8905660377358491,-10.943396226415093,-0.29046194922961266,-0.5675273305702286
